{
  "_format": "ethers-rs-sol-cache-3",
  "paths": {
    "artifacts": "out",
    "build_infos": "out/build-info",
    "sources": "src",
    "tests": "test",
    "scripts": "script",
    "libraries": [
      "lib"
    ]
  },
  "files": {
    "lib/forge-std/lib/ds-test/src/test.sol": {
      "lastModificationDate": 1679197755725,
      "contentHash": "abdafe4b187f548ef0145173f5b93247",
      "sourceName": "lib/forge-std/lib/ds-test/src/test.sol",
      "solcConfig": {
        "settings": {
          "optimizer": {
            "enabled": true,
            "runs": 200
          },
          "metadata": {
            "bytecodeHash": "ipfs",
            "appendCBOR": true
          },
          "outputSelection": {
            "*": {
              "": [
                "ast"
              ],
              "*": [
                "abi",
                "evm.bytecode",
                "evm.deployedBytecode",
                "evm.methodIdentifiers",
                "metadata"
              ]
            }
          },
          "evmVersion": "london",
          "libraries": {}
        }
      },
      "imports": [],
      "versionRequirement": ">=0.5.0",
      "artifacts": {
        "DSTest": {
          "0.8.17+commit.8df45f5f.Linux.gcc": "test.sol/DSTest.json"
        }
      }
    },
    "lib/forge-std/src/Base.sol": {
      "lastModificationDate": 1679197753274,
      "contentHash": "8f04bbbb2c16f79e14fdc321695a8ec2",
      "sourceName": "lib/forge-std/src/Base.sol",
      "solcConfig": {
        "settings": {
          "optimizer": {
            "enabled": true,
            "runs": 200
          },
          "metadata": {
            "bytecodeHash": "ipfs",
            "appendCBOR": true
          },
          "outputSelection": {
            "*": {
              "": [
                "ast"
              ],
              "*": [
                "abi",
                "evm.bytecode",
                "evm.deployedBytecode",
                "evm.methodIdentifiers",
                "metadata"
              ]
            }
          },
          "evmVersion": "london",
          "libraries": {}
        }
      },
      "imports": [
        "lib/forge-std/src/StdStorage.sol",
        "lib/forge-std/src/Vm.sol"
      ],
      "versionRequirement": ">=0.6.2, <0.9.0",
      "artifacts": {
        "CommonBase": {
          "0.8.17+commit.8df45f5f.Linux.gcc": "Base.sol/CommonBase.json"
        },
        "ScriptBase": {
          "0.8.17+commit.8df45f5f.Linux.gcc": "Base.sol/ScriptBase.json"
        },
        "TestBase": {
          "0.8.17+commit.8df45f5f.Linux.gcc": "Base.sol/TestBase.json"
        }
      }
    },
    "lib/forge-std/src/Script.sol": {
      "lastModificationDate": 1679197753274,
      "contentHash": "83c39354c1e43190bce4dc43860dc786",
      "sourceName": "lib/forge-std/src/Script.sol",
      "solcConfig": {
        "settings": {
          "optimizer": {
            "enabled": true,
            "runs": 200
          },
          "metadata": {
            "bytecodeHash": "ipfs",
            "appendCBOR": true
          },
          "outputSelection": {
            "*": {
              "": [
                "ast"
              ],
              "*": [
                "abi",
                "evm.bytecode",
                "evm.deployedBytecode",
                "evm.methodIdentifiers",
                "metadata"
              ]
            }
          },
          "evmVersion": "london",
          "libraries": {}
        }
      },
      "imports": [
        "lib/forge-std/src/Base.sol",
        "lib/forge-std/src/StdChains.sol",
        "lib/forge-std/src/StdCheats.sol",
        "lib/forge-std/src/StdJson.sol",
        "lib/forge-std/src/StdMath.sol",
        "lib/forge-std/src/StdStorage.sol",
        "lib/forge-std/src/StdUtils.sol",
        "lib/forge-std/src/Vm.sol",
        "lib/forge-std/src/console.sol",
        "lib/forge-std/src/console2.sol",
        "lib/forge-std/src/interfaces/IMulticall3.sol"
      ],
      "versionRequirement": ">=0.6.2, <0.9.0",
      "artifacts": {
        "Script": {
          "0.8.17+commit.8df45f5f.Linux.gcc": "Script.sol/Script.json"
        }
      }
    },
    "lib/forge-std/src/StdAssertions.sol": {
      "lastModificationDate": 1679197753274,
      "contentHash": "9de0f799a1b1664749ddd6ce6492eae1",
      "sourceName": "lib/forge-std/src/StdAssertions.sol",
      "solcConfig": {
        "settings": {
          "optimizer": {
            "enabled": true,
            "runs": 200
          },
          "metadata": {
            "bytecodeHash": "ipfs",
            "appendCBOR": true
          },
          "outputSelection": {
            "*": {
              "": [
                "ast"
              ],
              "*": [
                "abi",
                "evm.bytecode",
                "evm.deployedBytecode",
                "evm.methodIdentifiers",
                "metadata"
              ]
            }
          },
          "evmVersion": "london",
          "libraries": {}
        }
      },
      "imports": [
        "lib/forge-std/lib/ds-test/src/test.sol",
        "lib/forge-std/src/StdMath.sol"
      ],
      "versionRequirement": ">=0.6.2, <0.9.0",
      "artifacts": {
        "StdAssertions": {
          "0.8.17+commit.8df45f5f.Linux.gcc": "StdAssertions.sol/StdAssertions.json"
        }
      }
    },
    "lib/forge-std/src/StdChains.sol": {
      "lastModificationDate": 1679197753274,
      "contentHash": "f73fef006f384b898c755b0e404b84a2",
      "sourceName": "lib/forge-std/src/StdChains.sol",
      "solcConfig": {
        "settings": {
          "optimizer": {
            "enabled": true,
            "runs": 200
          },
          "metadata": {
            "bytecodeHash": "ipfs",
            "appendCBOR": true
          },
          "outputSelection": {
            "*": {
              "": [
                "ast"
              ],
              "*": [
                "abi",
                "evm.bytecode",
                "evm.deployedBytecode",
                "evm.methodIdentifiers",
                "metadata"
              ]
            }
          },
          "evmVersion": "london",
          "libraries": {}
        }
      },
      "imports": [
        "lib/forge-std/src/Vm.sol"
      ],
      "versionRequirement": ">=0.6.2, <0.9.0",
      "artifacts": {
        "StdChains": {
          "0.8.17+commit.8df45f5f.Linux.gcc": "StdChains.sol/StdChains.json"
        }
      }
    },
    "lib/forge-std/src/StdCheats.sol": {
      "lastModificationDate": 1679197753274,
      "contentHash": "77e0d7b6fd1fb0b20dc96c166f2d8e8c",
      "sourceName": "lib/forge-std/src/StdCheats.sol",
      "solcConfig": {
        "settings": {
          "optimizer": {
            "enabled": true,
            "runs": 200
          },
          "metadata": {
            "bytecodeHash": "ipfs",
            "appendCBOR": true
          },
          "outputSelection": {
            "*": {
              "": [
                "ast"
              ],
              "*": [
                "abi",
                "evm.bytecode",
                "evm.deployedBytecode",
                "evm.methodIdentifiers",
                "metadata"
              ]
            }
          },
          "evmVersion": "london",
          "libraries": {}
        }
      },
      "imports": [
        "lib/forge-std/src/StdStorage.sol",
        "lib/forge-std/src/Vm.sol"
      ],
      "versionRequirement": ">=0.6.2, <0.9.0",
      "artifacts": {
        "StdCheats": {
          "0.8.17+commit.8df45f5f.Linux.gcc": "StdCheats.sol/StdCheats.json"
        },
        "StdCheatsSafe": {
          "0.8.17+commit.8df45f5f.Linux.gcc": "StdCheats.sol/StdCheatsSafe.json"
        }
      }
    },
    "lib/forge-std/src/StdError.sol": {
      "lastModificationDate": 1679197753274,
      "contentHash": "64c896e1276a291776e5ea5aecb3870a",
      "sourceName": "lib/forge-std/src/StdError.sol",
      "solcConfig": {
        "settings": {
          "optimizer": {
            "enabled": true,
            "runs": 200
          },
          "metadata": {
            "bytecodeHash": "ipfs",
            "appendCBOR": true
          },
          "outputSelection": {
            "*": {
              "": [
                "ast"
              ],
              "*": [
                "abi",
                "evm.bytecode",
                "evm.deployedBytecode",
                "evm.methodIdentifiers",
                "metadata"
              ]
            }
          },
          "evmVersion": "london",
          "libraries": {}
        }
      },
      "imports": [],
      "versionRequirement": ">=0.6.2, <0.9.0",
      "artifacts": {
        "stdError": {
          "0.8.17+commit.8df45f5f.Linux.gcc": "StdError.sol/stdError.json"
        }
      }
    },
    "lib/forge-std/src/StdInvariant.sol": {
      "lastModificationDate": 1679197753274,
      "contentHash": "12c06010ec43ce935ed209d5aca30828",
      "sourceName": "lib/forge-std/src/StdInvariant.sol",
      "solcConfig": {
        "settings": {
          "optimizer": {
            "enabled": true,
            "runs": 200
          },
          "metadata": {
            "bytecodeHash": "ipfs",
            "appendCBOR": true
          },
          "outputSelection": {
            "*": {
              "": [
                "ast"
              ],
              "*": [
                "abi",
                "evm.bytecode",
                "evm.deployedBytecode",
                "evm.methodIdentifiers",
                "metadata"
              ]
            }
          },
          "evmVersion": "london",
          "libraries": {}
        }
      },
      "imports": [],
      "versionRequirement": ">=0.6.2, <0.9.0",
      "artifacts": {
        "StdInvariant": {
          "0.8.17+commit.8df45f5f.Linux.gcc": "StdInvariant.sol/StdInvariant.json"
        }
      }
    },
    "lib/forge-std/src/StdJson.sol": {
      "lastModificationDate": 1679197753274,
      "contentHash": "2e1d13674e152408867795362d833c24",
      "sourceName": "lib/forge-std/src/StdJson.sol",
      "solcConfig": {
        "settings": {
          "optimizer": {
            "enabled": true,
            "runs": 200
          },
          "metadata": {
            "bytecodeHash": "ipfs",
            "appendCBOR": true
          },
          "outputSelection": {
            "*": {
              "": [
                "ast"
              ],
              "*": [
                "abi",
                "evm.bytecode",
                "evm.deployedBytecode",
                "evm.methodIdentifiers",
                "metadata"
              ]
            }
          },
          "evmVersion": "london",
          "libraries": {}
        }
      },
      "imports": [
        "lib/forge-std/src/Vm.sol"
      ],
      "versionRequirement": ">=0.6.0, <0.9.0",
      "artifacts": {
        "stdJson": {
          "0.8.17+commit.8df45f5f.Linux.gcc": "StdJson.sol/stdJson.json"
        }
      }
    },
    "lib/forge-std/src/StdMath.sol": {
      "lastModificationDate": 1679197753274,
      "contentHash": "9da8f453eba6bb98f3d75bc6822bfb29",
      "sourceName": "lib/forge-std/src/StdMath.sol",
      "solcConfig": {
        "settings": {
          "optimizer": {
            "enabled": true,
            "runs": 200
          },
          "metadata": {
            "bytecodeHash": "ipfs",
            "appendCBOR": true
          },
          "outputSelection": {
            "*": {
              "": [
                "ast"
              ],
              "*": [
                "abi",
                "evm.bytecode",
                "evm.deployedBytecode",
                "evm.methodIdentifiers",
                "metadata"
              ]
            }
          },
          "evmVersion": "london",
          "libraries": {}
        }
      },
      "imports": [],
      "versionRequirement": ">=0.6.2, <0.9.0",
      "artifacts": {
        "stdMath": {
          "0.8.17+commit.8df45f5f.Linux.gcc": "StdMath.sol/stdMath.json"
        }
      }
    },
    "lib/forge-std/src/StdStorage.sol": {
      "lastModificationDate": 1679197753274,
      "contentHash": "3cb9868082df39a53927db09dbc21f23",
      "sourceName": "lib/forge-std/src/StdStorage.sol",
      "solcConfig": {
        "settings": {
          "optimizer": {
            "enabled": true,
            "runs": 200
          },
          "metadata": {
            "bytecodeHash": "ipfs",
            "appendCBOR": true
          },
          "outputSelection": {
            "*": {
              "": [
                "ast"
              ],
              "*": [
                "abi",
                "evm.bytecode",
                "evm.deployedBytecode",
                "evm.methodIdentifiers",
                "metadata"
              ]
            }
          },
          "evmVersion": "london",
          "libraries": {}
        }
      },
      "imports": [
        "lib/forge-std/src/Vm.sol"
      ],
      "versionRequirement": ">=0.6.2, <0.9.0",
      "artifacts": {
        "stdStorage": {
          "0.8.17+commit.8df45f5f.Linux.gcc": "StdStorage.sol/stdStorage.json"
        },
        "stdStorageSafe": {
          "0.8.17+commit.8df45f5f.Linux.gcc": "StdStorage.sol/stdStorageSafe.json"
        }
      }
    },
    "lib/forge-std/src/StdStyle.sol": {
      "lastModificationDate": 1679197753274,
      "contentHash": "820e6f6b7704f0c980fae604b1e34b18",
      "sourceName": "lib/forge-std/src/StdStyle.sol",
      "solcConfig": {
        "settings": {
          "optimizer": {
            "enabled": true,
            "runs": 200
          },
          "metadata": {
            "bytecodeHash": "ipfs",
            "appendCBOR": true
          },
          "outputSelection": {
            "*": {
              "": [
                "ast"
              ],
              "*": [
                "abi",
                "evm.bytecode",
                "evm.deployedBytecode",
                "evm.methodIdentifiers",
                "metadata"
              ]
            }
          },
          "evmVersion": "london",
          "libraries": {}
        }
      },
      "imports": [
        "lib/forge-std/src/Vm.sol"
      ],
      "versionRequirement": ">=0.4.22, <0.9.0",
      "artifacts": {
        "StdStyle": {
          "0.8.17+commit.8df45f5f.Linux.gcc": "StdStyle.sol/StdStyle.json"
        }
      }
    },
    "lib/forge-std/src/StdUtils.sol": {
      "lastModificationDate": 1679197753274,
      "contentHash": "45fc08daaa17b7908fa5de7d758d8c86",
      "sourceName": "lib/forge-std/src/StdUtils.sol",
      "solcConfig": {
        "settings": {
          "optimizer": {
            "enabled": true,
            "runs": 200
          },
          "metadata": {
            "bytecodeHash": "ipfs",
            "appendCBOR": true
          },
          "outputSelection": {
            "*": {
              "": [
                "ast"
              ],
              "*": [
                "abi",
                "evm.bytecode",
                "evm.deployedBytecode",
                "evm.methodIdentifiers",
                "metadata"
              ]
            }
          },
          "evmVersion": "london",
          "libraries": {}
        }
      },
      "imports": [
        "lib/forge-std/src/Vm.sol",
        "lib/forge-std/src/interfaces/IMulticall3.sol"
      ],
      "versionRequirement": ">=0.6.2, <0.9.0",
      "artifacts": {
        "StdUtils": {
          "0.8.17+commit.8df45f5f.Linux.gcc": "StdUtils.sol/StdUtils.json"
        }
      }
    },
    "lib/forge-std/src/Test.sol": {
      "lastModificationDate": 1679197753274,
      "contentHash": "bc9d74a0c612e1c2b66cca2973bcc803",
      "sourceName": "lib/forge-std/src/Test.sol",
      "solcConfig": {
        "settings": {
          "optimizer": {
            "enabled": true,
            "runs": 200
          },
          "metadata": {
            "bytecodeHash": "ipfs",
            "appendCBOR": true
          },
          "outputSelection": {
            "*": {
              "": [
                "ast"
              ],
              "*": [
                "abi",
                "evm.bytecode",
                "evm.deployedBytecode",
                "evm.methodIdentifiers",
                "metadata"
              ]
            }
          },
          "evmVersion": "london",
          "libraries": {}
        }
      },
      "imports": [
        "lib/forge-std/lib/ds-test/src/test.sol",
        "lib/forge-std/src/Base.sol",
        "lib/forge-std/src/StdAssertions.sol",
        "lib/forge-std/src/StdChains.sol",
        "lib/forge-std/src/StdCheats.sol",
        "lib/forge-std/src/StdError.sol",
        "lib/forge-std/src/StdInvariant.sol",
        "lib/forge-std/src/StdJson.sol",
        "lib/forge-std/src/StdMath.sol",
        "lib/forge-std/src/StdStorage.sol",
        "lib/forge-std/src/StdStyle.sol",
        "lib/forge-std/src/StdUtils.sol",
        "lib/forge-std/src/Vm.sol",
        "lib/forge-std/src/console.sol",
        "lib/forge-std/src/console2.sol",
        "lib/forge-std/src/interfaces/IMulticall3.sol"
      ],
      "versionRequirement": ">=0.6.2, <0.9.0",
      "artifacts": {
        "Test": {
          "0.8.17+commit.8df45f5f.Linux.gcc": "Test.sol/Test.json"
        }
      }
    },
    "lib/forge-std/src/Vm.sol": {
      "lastModificationDate": 1679197753274,
      "contentHash": "f4eae1ed3732746674ff1a4c48c0be05",
      "sourceName": "lib/forge-std/src/Vm.sol",
      "solcConfig": {
        "settings": {
          "optimizer": {
            "enabled": true,
            "runs": 200
          },
          "metadata": {
            "bytecodeHash": "ipfs",
            "appendCBOR": true
          },
          "outputSelection": {
            "*": {
              "": [
                "ast"
              ],
              "*": [
                "abi",
                "evm.bytecode",
                "evm.deployedBytecode",
                "evm.methodIdentifiers",
                "metadata"
              ]
            }
          },
          "evmVersion": "london",
          "libraries": {}
        }
      },
      "imports": [],
      "versionRequirement": ">=0.6.2, <0.9.0",
      "artifacts": {
        "Vm": {
          "0.8.17+commit.8df45f5f.Linux.gcc": "Vm.sol/Vm.json"
        },
        "VmSafe": {
          "0.8.17+commit.8df45f5f.Linux.gcc": "Vm.sol/VmSafe.json"
        }
      }
    },
    "lib/forge-std/src/console.sol": {
      "lastModificationDate": 1679197753274,
      "contentHash": "100b8a33b917da1147740d7ab8b0ded3",
      "sourceName": "lib/forge-std/src/console.sol",
      "solcConfig": {
        "settings": {
          "optimizer": {
            "enabled": true,
            "runs": 200
          },
          "metadata": {
            "bytecodeHash": "ipfs",
            "appendCBOR": true
          },
          "outputSelection": {
            "*": {
              "": [
                "ast"
              ],
              "*": [
                "abi",
                "evm.bytecode",
                "evm.deployedBytecode",
                "evm.methodIdentifiers",
                "metadata"
              ]
            }
          },
          "evmVersion": "london",
          "libraries": {}
        }
      },
      "imports": [],
      "versionRequirement": ">=0.4.22, <0.9.0",
      "artifacts": {
        "console": {
          "0.8.17+commit.8df45f5f.Linux.gcc": "console.sol/console.json"
        }
      }
    },
    "lib/forge-std/src/console2.sol": {
      "lastModificationDate": 1679197753274,
      "contentHash": "2096b4e5f252c5df9909cccbe3d2da2e",
      "sourceName": "lib/forge-std/src/console2.sol",
      "solcConfig": {
        "settings": {
          "optimizer": {
            "enabled": true,
            "runs": 200
          },
          "metadata": {
            "bytecodeHash": "ipfs",
            "appendCBOR": true
          },
          "outputSelection": {
            "*": {
              "": [
                "ast"
              ],
              "*": [
                "abi",
                "evm.bytecode",
                "evm.deployedBytecode",
                "evm.methodIdentifiers",
                "metadata"
              ]
            }
          },
          "evmVersion": "london",
          "libraries": {}
        }
      },
      "imports": [],
      "versionRequirement": ">=0.4.22, <0.9.0",
      "artifacts": {
        "console2": {
          "0.8.17+commit.8df45f5f.Linux.gcc": "console2.sol/console2.json"
        }
      }
    },
    "lib/forge-std/src/interfaces/IMulticall3.sol": {
      "lastModificationDate": 1679197753274,
      "contentHash": "7b131ca1ca32ef6378b7b9ad5488b901",
      "sourceName": "lib/forge-std/src/interfaces/IMulticall3.sol",
      "solcConfig": {
        "settings": {
          "optimizer": {
            "enabled": true,
            "runs": 200
          },
          "metadata": {
            "bytecodeHash": "ipfs",
            "appendCBOR": true
          },
          "outputSelection": {
            "*": {
              "": [
                "ast"
              ],
              "*": [
                "abi",
                "evm.bytecode",
                "evm.deployedBytecode",
                "evm.methodIdentifiers",
                "metadata"
              ]
            }
          },
          "evmVersion": "london",
          "libraries": {}
        }
      },
      "imports": [],
      "versionRequirement": ">=0.6.2, <0.9.0",
      "artifacts": {
        "IMulticall3": {
          "0.8.17+commit.8df45f5f.Linux.gcc": "IMulticall3.sol/IMulticall3.json"
        }
      }
    },
    "lib/openzeppelin-contracts-upgradeable/contracts/interfaces/IERC20MetadataUpgradeable.sol": {
      "lastModificationDate": 1679199171433,
      "contentHash": "9eda1da045045a3e0607154bcf32424b",
      "sourceName": "lib/openzeppelin-contracts-upgradeable/contracts/interfaces/IERC20MetadataUpgradeable.sol",
      "solcConfig": {
        "settings": {
          "optimizer": {
            "enabled": true,
            "runs": 200
          },
          "metadata": {
            "bytecodeHash": "ipfs",
            "appendCBOR": true
          },
          "outputSelection": {
            "*": {
              "": [
                "ast"
              ],
              "*": [
                "abi",
                "evm.bytecode",
                "evm.deployedBytecode",
                "evm.methodIdentifiers",
                "metadata"
              ]
            }
          },
          "evmVersion": "london",
          "libraries": {}
        }
      },
      "imports": [
        "lib/openzeppelin-contracts-upgradeable/contracts/token/ERC20/IERC20Upgradeable.sol",
        "lib/openzeppelin-contracts-upgradeable/contracts/token/ERC20/extensions/IERC20MetadataUpgradeable.sol"
      ],
      "versionRequirement": "^0.8.0",
      "artifacts": {
        "IERC20MetadataUpgradeable": {
          "0.8.17+commit.8df45f5f.Linux.gcc": "interfaces/IERC20MetadataUpgradeable.sol/IERC20MetadataUpgradeable.json"
        }
      }
    },
    "lib/openzeppelin-contracts-upgradeable/contracts/interfaces/IERC20Upgradeable.sol": {
      "lastModificationDate": 1679199171433,
      "contentHash": "ad04e46a24316273401be35e8420bce7",
      "sourceName": "lib/openzeppelin-contracts-upgradeable/contracts/interfaces/IERC20Upgradeable.sol",
      "solcConfig": {
        "settings": {
          "optimizer": {
            "enabled": true,
            "runs": 200
          },
          "metadata": {
            "bytecodeHash": "ipfs",
            "appendCBOR": true
          },
          "outputSelection": {
            "*": {
              "": [
                "ast"
              ],
              "*": [
                "abi",
                "evm.bytecode",
                "evm.deployedBytecode",
                "evm.methodIdentifiers",
                "metadata"
              ]
            }
          },
          "evmVersion": "london",
          "libraries": {}
        }
      },
      "imports": [
        "lib/openzeppelin-contracts-upgradeable/contracts/token/ERC20/IERC20Upgradeable.sol"
      ],
      "versionRequirement": "^0.8.0",
      "artifacts": {
        "IERC20Upgradeable": {
          "0.8.17+commit.8df45f5f.Linux.gcc": "interfaces/IERC20Upgradeable.sol/IERC20Upgradeable.json"
        }
      }
    },
    "lib/openzeppelin-contracts-upgradeable/contracts/proxy/utils/Initializable.sol": {
      "lastModificationDate": 1679199171453,
      "contentHash": "fc5844e59776a976987884e4d9814c7d",
      "sourceName": "lib/openzeppelin-contracts-upgradeable/contracts/proxy/utils/Initializable.sol",
      "solcConfig": {
        "settings": {
          "optimizer": {
            "enabled": true,
            "runs": 200
          },
          "metadata": {
            "bytecodeHash": "ipfs",
            "appendCBOR": true
          },
          "outputSelection": {
            "*": {
              "": [
                "ast"
              ],
              "*": [
                "abi",
                "evm.bytecode",
                "evm.deployedBytecode",
                "evm.methodIdentifiers",
                "metadata"
              ]
            }
          },
          "evmVersion": "london",
          "libraries": {}
        }
      },
      "imports": [
        "lib/openzeppelin-contracts-upgradeable/contracts/utils/AddressUpgradeable.sol"
      ],
      "versionRequirement": "^0.8.2",
      "artifacts": {
        "Initializable": {
          "0.8.17+commit.8df45f5f.Linux.gcc": "Initializable.sol/Initializable.json"
        }
      }
    },
    "lib/openzeppelin-contracts-upgradeable/contracts/token/ERC20/IERC20Upgradeable.sol": {
      "lastModificationDate": 1679199171457,
      "contentHash": "a9ed3c7bc7d9ebb5e34f20829274f088",
      "sourceName": "lib/openzeppelin-contracts-upgradeable/contracts/token/ERC20/IERC20Upgradeable.sol",
      "solcConfig": {
        "settings": {
          "optimizer": {
            "enabled": true,
            "runs": 200
          },
          "metadata": {
            "bytecodeHash": "ipfs",
            "appendCBOR": true
          },
          "outputSelection": {
            "*": {
              "": [
                "ast"
              ],
              "*": [
                "abi",
                "evm.bytecode",
                "evm.deployedBytecode",
                "evm.methodIdentifiers",
                "metadata"
              ]
            }
          },
          "evmVersion": "london",
          "libraries": {}
        }
      },
      "imports": [],
      "versionRequirement": "^0.8.0",
      "artifacts": {
        "IERC20Upgradeable": {
          "0.8.17+commit.8df45f5f.Linux.gcc": "IERC20Upgradeable.sol/IERC20Upgradeable.json"
        }
      }
    },
    "lib/openzeppelin-contracts-upgradeable/contracts/token/ERC20/extensions/IERC20MetadataUpgradeable.sol": {
      "lastModificationDate": 1679199171457,
      "contentHash": "9efcd5467a7f0bf533910ee8a267adb2",
      "sourceName": "lib/openzeppelin-contracts-upgradeable/contracts/token/ERC20/extensions/IERC20MetadataUpgradeable.sol",
      "solcConfig": {
        "settings": {
          "optimizer": {
            "enabled": true,
            "runs": 200
          },
          "metadata": {
            "bytecodeHash": "ipfs",
            "appendCBOR": true
          },
          "outputSelection": {
            "*": {
              "": [
                "ast"
              ],
              "*": [
                "abi",
                "evm.bytecode",
                "evm.deployedBytecode",
                "evm.methodIdentifiers",
                "metadata"
              ]
            }
          },
          "evmVersion": "london",
          "libraries": {}
        }
      },
      "imports": [
        "lib/openzeppelin-contracts-upgradeable/contracts/token/ERC20/IERC20Upgradeable.sol"
      ],
      "versionRequirement": "^0.8.0",
      "artifacts": {
        "IERC20MetadataUpgradeable": {
          "0.8.17+commit.8df45f5f.Linux.gcc": "IERC20MetadataUpgradeable.sol/IERC20MetadataUpgradeable.json"
        }
      }
    },
    "lib/openzeppelin-contracts-upgradeable/contracts/utils/AddressUpgradeable.sol": {
      "lastModificationDate": 1679199171465,
      "contentHash": "228f256dbb21393bc9ad02648e222f74",
      "sourceName": "lib/openzeppelin-contracts-upgradeable/contracts/utils/AddressUpgradeable.sol",
      "solcConfig": {
        "settings": {
          "optimizer": {
            "enabled": true,
            "runs": 200
          },
          "metadata": {
            "bytecodeHash": "ipfs",
            "appendCBOR": true
          },
          "outputSelection": {
            "*": {
              "": [
                "ast"
              ],
              "*": [
                "abi",
                "evm.bytecode",
                "evm.deployedBytecode",
                "evm.methodIdentifiers",
                "metadata"
              ]
            }
          },
          "evmVersion": "london",
          "libraries": {}
        }
      },
      "imports": [],
      "versionRequirement": "^0.8.1",
      "artifacts": {
        "AddressUpgradeable": {
          "0.8.17+commit.8df45f5f.Linux.gcc": "AddressUpgradeable.sol/AddressUpgradeable.json"
        }
      }
    },
    "lib/openzeppelin-contracts-upgradeable/contracts/utils/ContextUpgradeable.sol": {
      "lastModificationDate": 1679199171465,
      "contentHash": "6200b84950eb05b4a92a39fd1d6e0f9b",
      "sourceName": "lib/openzeppelin-contracts-upgradeable/contracts/utils/ContextUpgradeable.sol",
      "solcConfig": {
        "settings": {
          "optimizer": {
            "enabled": true,
            "runs": 200
          },
          "metadata": {
            "bytecodeHash": "ipfs",
            "appendCBOR": true
          },
          "outputSelection": {
            "*": {
              "": [
                "ast"
              ],
              "*": [
                "abi",
                "evm.bytecode",
                "evm.deployedBytecode",
                "evm.methodIdentifiers",
                "metadata"
              ]
            }
          },
          "evmVersion": "london",
          "libraries": {}
        }
      },
      "imports": [
        "lib/openzeppelin-contracts-upgradeable/contracts/proxy/utils/Initializable.sol",
        "lib/openzeppelin-contracts-upgradeable/contracts/utils/AddressUpgradeable.sol"
      ],
      "versionRequirement": "^0.8.0",
      "artifacts": {
        "ContextUpgradeable": {
          "0.8.17+commit.8df45f5f.Linux.gcc": "ContextUpgradeable.sol/ContextUpgradeable.json"
        }
      }
    },
    "script/Counter.s.sol": {
      "lastModificationDate": 1679197748933,
      "contentHash": "0705c52104730a78aef4aa6694175c81",
      "sourceName": "script/Counter.s.sol",
      "solcConfig": {
        "settings": {
          "optimizer": {
            "enabled": true,
            "runs": 200
          },
          "metadata": {
            "bytecodeHash": "ipfs",
            "appendCBOR": true
          },
          "outputSelection": {
            "*": {
              "": [
                "ast"
              ],
              "*": [
                "abi",
                "evm.bytecode",
                "evm.deployedBytecode",
                "evm.methodIdentifiers",
                "metadata"
              ]
            }
          },
          "evmVersion": "london",
          "libraries": {}
        }
      },
      "imports": [
        "lib/forge-std/src/Base.sol",
        "lib/forge-std/src/Script.sol",
        "lib/forge-std/src/StdChains.sol",
        "lib/forge-std/src/StdCheats.sol",
        "lib/forge-std/src/StdJson.sol",
        "lib/forge-std/src/StdMath.sol",
        "lib/forge-std/src/StdStorage.sol",
        "lib/forge-std/src/StdUtils.sol",
        "lib/forge-std/src/Vm.sol",
        "lib/forge-std/src/console.sol",
        "lib/forge-std/src/console2.sol",
        "lib/forge-std/src/interfaces/IMulticall3.sol"
      ],
      "versionRequirement": "^0.8.13",
      "artifacts": {
        "CounterScript": {
          "0.8.17+commit.8df45f5f.Linux.gcc": "Counter.s.sol/CounterScript.json"
        }
      }
    },
    "src/Counter.sol": {
      "lastModificationDate": 1679197748933,
      "contentHash": "ae6c800a2b4c57768024d6e9423d39e8",
      "sourceName": "src/Counter.sol",
      "solcConfig": {
        "settings": {
          "optimizer": {
            "enabled": true,
            "runs": 200
          },
          "metadata": {
            "bytecodeHash": "ipfs",
            "appendCBOR": true
          },
          "outputSelection": {
            "*": {
              "": [
                "ast"
              ],
              "*": [
                "abi",
                "evm.bytecode",
                "evm.deployedBytecode",
                "evm.methodIdentifiers",
                "metadata"
              ]
            }
          },
          "evmVersion": "london",
          "libraries": {}
        }
      },
      "imports": [],
      "versionRequirement": "^0.8.13",
      "artifacts": {
        "Counter": {
          "0.8.17+commit.8df45f5f.Linux.gcc": "Counter.sol/Counter.json"
        }
      }
    },
    "src/proxy.sol": {
      "lastModificationDate": 1679290511392,
      "contentHash": "71902da8e4ed24aea40276e0f65f234e",
      "sourceName": "src/proxy.sol",
      "solcConfig": {
        "settings": {
          "optimizer": {
            "enabled": true,
            "runs": 200
          },
          "metadata": {
            "bytecodeHash": "ipfs",
            "appendCBOR": true
          },
          "outputSelection": {
            "*": {
              "": [
                "ast"
              ],
              "*": [
                "abi",
                "evm.bytecode",
                "evm.deployedBytecode",
                "evm.methodIdentifiers",
                "metadata"
              ]
            }
          },
          "evmVersion": "london",
          "libraries": {}
        }
      },
      "imports": [],
      "versionRequirement": "=0.4.24",
      "artifacts": {
        "AddressUtils": {
          "0.4.24+commit.e67f0147.Linux.gcc": "proxy.sol/AddressUtils.json"
        },
        "AdminUpgradeabilityProxy": {
          "0.4.24+commit.e67f0147.Linux.gcc": "proxy.sol/AdminUpgradeabilityProxy.json"
        },
        "Proxy": {
          "0.4.24+commit.e67f0147.Linux.gcc": "proxy.sol/Proxy.json"
        },
        "UpgradeabilityProxy": {
          "0.4.24+commit.e67f0147.Linux.gcc": "proxy.sol/UpgradeabilityProxy.json"
        }
      }
    },
    "src/web3AiTools.sol": {
      "lastModificationDate": 1679284091264,
      "contentHash": "6746684907cd6be73b660f8667e72cfa",
      "sourceName": "src/web3AiTools.sol",
      "solcConfig": {
        "settings": {
          "optimizer": {
            "enabled": true,
            "runs": 200
          },
          "metadata": {
            "bytecodeHash": "ipfs",
            "appendCBOR": true
          },
          "outputSelection": {
            "*": {
              "": [
                "ast"
              ],
              "*": [
                "abi",
                "evm.bytecode",
                "evm.deployedBytecode",
                "evm.methodIdentifiers",
                "metadata"
              ]
            }
          },
          "evmVersion": "london",
          "libraries": {}
        }
      },
      "imports": [
        "lib/openzeppelin-contracts-upgradeable/contracts/interfaces/IERC20MetadataUpgradeable.sol",
        "lib/openzeppelin-contracts-upgradeable/contracts/interfaces/IERC20Upgradeable.sol",
        "lib/openzeppelin-contracts-upgradeable/contracts/proxy/utils/Initializable.sol",
        "lib/openzeppelin-contracts-upgradeable/contracts/token/ERC20/IERC20Upgradeable.sol",
        "lib/openzeppelin-contracts-upgradeable/contracts/token/ERC20/extensions/IERC20MetadataUpgradeable.sol",
        "lib/openzeppelin-contracts-upgradeable/contracts/utils/AddressUpgradeable.sol",
        "lib/openzeppelin-contracts-upgradeable/contracts/utils/ContextUpgradeable.sol"
      ],
      "versionRequirement": "^0.8.0",
      "artifacts": {
        "IPancakeFactory": {
          "0.8.17+commit.8df45f5f.Linux.gcc": "web3AiTools.sol/IPancakeFactory.json"
        },
        "IPancakePair": {
          "0.8.17+commit.8df45f5f.Linux.gcc": "web3AiTools.sol/IPancakePair.json"
        },
        "IPancakeRouter": {
          "0.8.17+commit.8df45f5f.Linux.gcc": "web3AiTools.sol/IPancakeRouter.json"
        },
        "Web3AiTools": {
          "0.8.17+commit.8df45f5f.Linux.gcc": "web3AiTools.sol/Web3AiTools.json"
        }
      }
    },
    "src/web3AiTools_flat.sol": {
      "lastModificationDate": 1679290512296,
      "contentHash": "bb66410c20c6b9030209b96c4ed4d4dc",
      "sourceName": "src/web3AiTools_flat.sol",
      "solcConfig": {
        "settings": {
          "optimizer": {
            "enabled": true,
            "runs": 200
          },
          "metadata": {
            "bytecodeHash": "ipfs",
            "appendCBOR": true
          },
          "outputSelection": {
            "*": {
              "": [
                "ast"
              ],
              "*": [
                "abi",
                "evm.bytecode",
                "evm.deployedBytecode",
                "evm.methodIdentifiers",
                "metadata"
              ]
            }
          },
          "evmVersion": "london",
          "libraries": {}
        }
      },
      "imports": [],
      "versionRequirement": "^0.8.0",
      "artifacts": {
        "AddressUpgradeable": {
          "0.8.17+commit.8df45f5f.Linux.gcc": "web3AiTools_flat.sol/AddressUpgradeable.json"
        },
        "ContextUpgradeable": {
          "0.8.17+commit.8df45f5f.Linux.gcc": "web3AiTools_flat.sol/ContextUpgradeable.json"
        },
        "IERC20MetadataUpgradeable": {
          "0.8.17+commit.8df45f5f.Linux.gcc": "web3AiTools_flat.sol/IERC20MetadataUpgradeable.json"
        },
        "IERC20Upgradeable": {
          "0.8.17+commit.8df45f5f.Linux.gcc": "web3AiTools_flat.sol/IERC20Upgradeable.json"
        },
        "IPancakeFactory": {
          "0.8.17+commit.8df45f5f.Linux.gcc": "web3AiTools_flat.sol/IPancakeFactory.json"
        },
        "IPancakePair": {
          "0.8.17+commit.8df45f5f.Linux.gcc": "web3AiTools_flat.sol/IPancakePair.json"
        },
        "IPancakeRouter": {
          "0.8.17+commit.8df45f5f.Linux.gcc": "web3AiTools_flat.sol/IPancakeRouter.json"
        },
        "Initializable": {
          "0.8.17+commit.8df45f5f.Linux.gcc": "web3AiTools_flat.sol/Initializable.json"
        },
        "Web3AiTools": {
          "0.8.17+commit.8df45f5f.Linux.gcc": "web3AiTools_flat.sol/Web3AiTools.json"
        }
      }
    },
    "test/Counter.t.sol": {
      "lastModificationDate": 1679197748933,
      "contentHash": "b1a6521ba9c61d5266bab1fc9a057d68",
      "sourceName": "test/Counter.t.sol",
      "solcConfig": {
        "settings": {
          "optimizer": {
            "enabled": true,
            "runs": 200
          },
          "metadata": {
            "bytecodeHash": "ipfs",
            "appendCBOR": true
          },
          "outputSelection": {
            "*": {
              "": [
                "ast"
              ],
              "*": [
                "abi",
                "evm.bytecode",
                "evm.deployedBytecode",
                "evm.methodIdentifiers",
                "metadata"
              ]
            }
          },
          "evmVersion": "london",
          "libraries": {}
        }
      },
      "imports": [
        "lib/forge-std/lib/ds-test/src/test.sol",
        "lib/forge-std/src/Base.sol",
        "lib/forge-std/src/StdAssertions.sol",
        "lib/forge-std/src/StdChains.sol",
        "lib/forge-std/src/StdCheats.sol",
        "lib/forge-std/src/StdError.sol",
        "lib/forge-std/src/StdInvariant.sol",
        "lib/forge-std/src/StdJson.sol",
        "lib/forge-std/src/StdMath.sol",
        "lib/forge-std/src/StdStorage.sol",
        "lib/forge-std/src/StdStyle.sol",
        "lib/forge-std/src/StdUtils.sol",
        "lib/forge-std/src/Test.sol",
        "lib/forge-std/src/Vm.sol",
        "lib/forge-std/src/console.sol",
        "lib/forge-std/src/console2.sol",
        "lib/forge-std/src/interfaces/IMulticall3.sol",
        "src/Counter.sol"
      ],
      "versionRequirement": "^0.8.13",
      "artifacts": {
        "CounterTest": {
          "0.8.17+commit.8df45f5f.Linux.gcc": "Counter.t.sol/CounterTest.json"
        }
      }
    }
  }
}